,HARDNESS,FRIABILITY,Drug_content,Water_absorption_ratio,DISINTEGRATION_TIME
HARDNESS,1.0,0.38411404314679887,0.06767496599802626,-0.076082382269275,-0.26574942736364376
FRIABILITY,0.38411404314679887,1.0,-0.3313267722379466,-0.03051629635524705,-0.18592955250345197
Drug_content,0.06767496599802626,-0.3313267722379466,1.0,0.6886779841805,-0.28908499062662285
Water_absorption_ratio,-0.076082382269275,-0.03051629635524705,0.6886779841805,1.0,-0.5218465353178581
DISINTEGRATION_TIME,-0.26574942736364376,-0.18592955250345197,-0.28908499062662285,-0.5218465353178581,1.0
