,HARDNESS,FRIABILITY,Drug_content,Water_absorption_ratio,DISINTEGRATION_TIME
HARDNESS,1.0,0.23664872273143633,0.39413056772339855,-0.2204639782954024,-0.008421527045233647
FRIABILITY,0.23664872273143633,1.0,-0.15880300243096176,-0.03677811922653112,-0.3674122715810007
Drug_content,0.39413056772339855,-0.15880300243096176,1.0,-0.4996718141109717,0.06770779839981231
Water_absorption_ratio,-0.2204639782954024,-0.03677811922653112,-0.4996718141109717,1.0,-0.0055440950111776775
DISINTEGRATION_TIME,-0.008421527045233647,-0.3674122715810007,0.06770779839981231,-0.0055440950111776775,1.0
