,HARDNESS,FRIABILITY,Drug_content,Water_absorption_ratio,DISINTEGRATION_TIME
HARDNESS,1.0,0.250178952107397,0.22291913867673616,0.38408357761889944,0.0598108572056066
FRIABILITY,0.250178952107397,1.0,0.5511577066780345,-0.03716550306731241,-0.6464703261223188
Drug_content,0.22291913867673616,0.5511577066780345,1.0,-0.16847935443213072,-0.5535018195636813
Water_absorption_ratio,0.38408357761889944,-0.03716550306731241,-0.16847935443213072,1.0,0.3135787676840184
DISINTEGRATION_TIME,0.0598108572056066,-0.6464703261223188,-0.5535018195636813,0.3135787676840184,1.0
