,HARDNESS,FRIABILITY,Drug_content,Water_absorption_ratio,DISINTEGRATION_TIME
HARDNESS,1.0,0.18004130836469187,-0.13390539249826555,0.2913390691535512,-0.19469258865020644
FRIABILITY,0.18004130836469187,1.0,-0.02869876417928595,-0.28603686950818336,-0.41725442823856956
Drug_content,-0.13390539249826555,-0.02869876417928595,1.0,0.6504507821866355,-0.6241536900788706
Water_absorption_ratio,0.2913390691535512,-0.28603686950818336,0.6504507821866355,1.0,-0.35038853374790485
DISINTEGRATION_TIME,-0.19469258865020644,-0.41725442823856956,-0.6241536900788706,-0.35038853374790485,1.0
