,HARDNESS,FRIABILITY,Drug_content,Water_absorption_ratio,DISINTEGRATION_TIME
HARDNESS,1.0,0.09137736457204644,0.04811237055391273,0.0034041160456557795,-0.09515861393772079
FRIABILITY,0.09137736457204644,1.0,0.05399043785983257,0.04197962914115709,-0.10878515275623947
Drug_content,0.04811237055391273,0.05399043785983257,1.0,-0.005044198281884986,-0.06587269304381745
Water_absorption_ratio,0.0034041160456557795,0.04197962914115709,-0.005044198281884986,1.0,-0.18377189346599523
DISINTEGRATION_TIME,-0.09515861393772079,-0.10878515275623947,-0.06587269304381745,-0.18377189346599523,1.0
